,Top-5,Top-10,Top-15,Top-20
SAW vs EDAS,60.0,70.0,73.33333333333333,75.0
SAW vs TOPSIS,40.0,70.0,73.33333333333333,65.0
SAW vs AHP,80.0,80.0,86.66666666666667,75.0
EDAS vs TOPSIS,80.0,80.0,80.0,80.0
EDAS vs AHP,80.0,70.0,80.0,90.0
TOPSIS vs AHP,60.0,70.0,66.66666666666666,70.0
